model,seed,split_seed,best_epoch,accuracy,precision,recall,f1,fbeta,validation_loss
lambda_0,0,0,2,0.76,0.7441860465116279,0.7111111111111111,0.7272727272727273,0.7174887892376681,0.5376801300048828
lambda_0p1,0,0,2,0.77,0.7619047619047619,0.7111111111111111,0.735632183908046,0.7207207207207207,0.5367264556884765
lambda_0p25,0,0,2,0.77,0.7619047619047619,0.7111111111111111,0.735632183908046,0.7207207207207207,0.5373250579833985
lambda_0p5,0,0,2,0.79,0.7727272727272727,0.7555555555555555,0.7640449438202247,0.7589285714285713,0.5362635040283203
lambda_0,1,0,2,0.75,0.7380952380952381,0.6888888888888889,0.7126436781609196,0.6981981981981982,0.5438191604614258
lambda_0p1,1,0,2,0.75,0.7380952380952381,0.6888888888888889,0.7126436781609196,0.6981981981981982,0.5425106048583984
lambda_0p25,1,0,2,0.74,0.7111111111111111,0.7111111111111111,0.7111111111111111,0.7111111111111111,0.5431903457641601
lambda_0p5,1,0,2,0.75,0.7380952380952381,0.6888888888888889,0.7126436781609196,0.6981981981981982,0.5513423538208008
lambda_0,2,0,2,0.76,0.723404255319149,0.7555555555555555,0.7391304347826088,0.7488986784140969,0.5344223022460938
lambda_0p1,2,0,2,0.76,0.7333333333333333,0.7333333333333333,0.7333333333333333,0.7333333333333333,0.5279353332519531
lambda_0p25,2,0,2,0.78,0.7555555555555555,0.7555555555555555,0.7555555555555555,0.7555555555555555,0.529345703125
lambda_0p5,2,0,3,0.76,0.7333333333333333,0.7333333333333333,0.7333333333333333,0.7333333333333333,0.5761944580078125
lambda_0,3,0,2,0.76,0.7560975609756098,0.6888888888888889,0.7209302325581395,0.7013574660633484,0.4986857223510742
lambda_0p1,3,0,2,0.78,0.7948717948717948,0.6888888888888889,0.738095238095238,0.7077625570776256,0.49674694061279295
lambda_0p25,3,0,2,0.77,0.775,0.6888888888888889,0.7294117647058822,0.7045454545454545,0.5043825149536133
lambda_0p5,3,0,2,0.77,0.775,0.6888888888888889,0.7294117647058822,0.7045454545454545,0.5031425476074218
lambda_0,4,0,3,0.76,0.7441860465116279,0.7111111111111111,0.7272727272727273,0.7174887892376681,0.5784130477905274
lambda_0p1,4,0,3,0.76,0.7441860465116279,0.7111111111111111,0.7272727272727273,0.7174887892376681,0.5660391235351563
lambda_0p25,4,0,2,0.77,0.7619047619047619,0.7111111111111111,0.735632183908046,0.7207207207207207,0.5215716552734375
lambda_0p5,4,0,2,0.76,0.7560975609756098,0.6888888888888889,0.7209302325581395,0.7013574660633484,0.5181895065307617
